"Bailieboro, Cavan Division",47,34,44,60,48,47,29,43,26,42,23,34,43,42,31
"Ballyjamesduff, Cavan Division",15,17,37,16,33,31,27,47,34,33,25,18,35,34,27
"Cootehill, Cavan Division",53,43,37,32,38,22,24,43,72,37,53,57,50,42,37
"Kingscourt, Cavan Division",38,34,40,27,30,41,25,28,29,35,16,26,12,30,27
"Mullagh, Cavan Division",15,24,23,17,26,21,12,15,23,22,20,13,30,13,19
"Shercock, Cavan Division",10,12,14,8,10,10,13,11,16,16,3,9,9,12,14
"Virginia, Cavan Division",27,30,26,36,40,42,44,48,28,54,53,40,57,31,54
"Ballyconnell, Cavan Division",20,23,18,25,28,20,29,23,24,17,22,30,18,19,37
"Belturbet, Cavan Division",26,25,17,44,34,42,38,24,29,26,33,66,43,40,29
"Blacklion, Cavan Division",7,5,6,9,3,11,10,3,7,6,7,5,1,9,5
"Dowra, Cavan Division",10,2,1,1,1,5,2,2,6,4,2,5,1,0,2
"Killeshandra, Cavan Division",8,6,6,4,12,9,15,5,2,5,7,7,10,3,7
"Swanlinbar, Cavan Division",4,7,3,6,5,5,6,5,4,2,6,7,6,2,1
"Arva, Cavan Division",28,23,43,30,37,42,27,49,38,41,19,18,15,18,20
"Ballinagh, Cavan Division",110,93,109,95,104,139,138,110,89,82,68,100,83,60,58
"Cavan, Cavan Division",101,76,78,100,101,117,112,127,84,78,77,63,50,45,50
"Kilnaleck, Cavan Division",2,1,3,5,5,6,11,6,7,8,3,11,3,5,4
"Clones, Monaghan Division",4,9,7,11,24,3,11,6,10,8,3,7,11,6,10
"Emyvale, Monaghan Division",11,11,21,12,17,22,19,30,23,17,9,23,20,7,10
"Monaghan, Monaghan Division",222,252,263,248,281,263,239,229,224,264,229,290,322,298,285
"Scotstown, Monaghan Division",16,23,17,28,27,17,37,47,35,33,28,18,30,11,20
"Ballybay, Monaghan Division",58,38,38,37,23,25,32,24,26,27,23,38,34,17,16
"Carrickmacross, Monaghan Division",50,24,44,40,29,66,28,48,35,50,29,25,24,12,14
"Castleblayney, Monaghan Division",210,154,203,170,190,251,217,206,262,206,179,186,183,122,156
"Rockcorry, Monaghan Division",8,11,10,11,14,10,11,12,9,5,12,3,10,7,6
"Ballintra, Donegal Division",38,32,16,12,19,17,8,15,17,14,11,12,11,8,12
"Ballyshannon, Donegal Division",70,37,45,68,38,28,50,36,37,23,41,23,24,28,13
"Bundoran, Donegal Division",33,51,29,29,46,31,28,38,32,49,40,33,42,41,31
"Donegal Town, Donegal Division",74,57,57,55,49,51,43,47,44,40,40,33,33,23,21
"Mountcharles, Donegal Division",12,7,6,4,7,8,5,9,11,5,5,2,3,3,2
"Na Cealla Beaga, Donegal Division",28,18,13,16,16,14,29,6,12,12,14,7,17,3,8
"Pettigo, Donegal Division",3,4,0,1,3,9,2,4,5,2,13,7,2,3,1
"Buncrana, Donegal Division",57,65,55,70,71,66,77,64,62,45,65,84,58,22,23
"Burnfoot, Donegal Division",43,59,72,60,39,54,56,39,39,50,44,31,33,16,28
"Carndonagh, Donegal Division",22,26,41,29,37,27,24,31,41,26,29,38,24,14,15
"Clonmany, Donegal Division",7,11,8,13,10,9,8,11,9,4,4,4,3,0,3
"Moville, Donegal Division",34,29,27,32,26,20,37,27,27,11,11,12,7,12,4
"Muff, Donegal Division",36,49,31,29,23,22,23,17,21,17,34,25,19,9,10
"Ballybofey, Donegal Division",85,111,106,92,72,77,81,59,88,44,60,67,64,53,51
"Carrigans, Donegal Division",30,25,17,22,27,25,28,27,31,19,21,10,9,7,6
"Castlefin, Donegal Division",31,22,11,18,19,25,27,19,19,21,9,12,24,8,8
"Convoy, Donegal Division",21,15,29,35,34,31,40,34,28,19,23,16,9,9,14
"Letterkenny, Donegal Division",393,402,420,497,512,501,584,463,493,382,406,428,410,382,346
"Lifford, Donegal Division",32,24,24,30,26,28,27,14,28,11,19,20,10,14,15
"Newtowncunningham, Donegal Division",21,22,26,31,22,27,35,39,31,33,30,18,17,3,11
"Raphoe, Donegal Division",35,31,43,45,37,37,32,32,28,26,18,10,20,5,13
"An Craoslach, Donegal Division",5,8,4,10,5,10,16,5,1,4,0,5,1,3,2
"An Fail Carrach, Donegal Division",25,20,22,23,15,23,19,13,8,13,6,3,8,1,7
"Carraig Airt, Donegal Division",8,12,18,12,16,12,10,8,7,7,23,4,7,7,2
"Dun Fionnachaid, Donegal Division",23,14,10,9,14,17,12,9,4,6,2,7,1,5,1
"Kerrykeel, Donegal Division",13,12,8,7,5,19,16,7,14,4,2,12,12,10,2
"Kilmacrennan, Donegal Division",19,9,20,25,17,20,17,15,10,10,14,14,13,6,8
"Milford, Co Donegal, Donegal Division",18,13,15,15,20,22,16,14,11,16,15,5,18,15,6
"Ramelton, Donegal Division",10,8,6,12,10,9,15,10,11,10,14,6,5,11,8
"Rathmullen, Donegal Division",4,4,5,3,4,7,6,3,1,5,3,5,1,3,4
"Ailt an Chorraiin, Donegal Division",9,7,8,11,10,8,8,7,0,12,3,3,3,2,3
"An Bun Beag, Donegal Division",25,16,24,37,26,30,20,12,11,10,6,8,10,10,3
"An Charraig, Donegal Division",7,5,8,5,5,3,4,2,4,6,2,7,1,6,1
"An Clochain Liath, Donegal Division",18,12,16,30,24,16,21,12,25,15,13,19,14,10,7
"Ard an Raitha, Donegal Division",12,10,8,9,9,10,9,5,6,0,2,5,2,5,4
"Clogher, Donegal Division",3,7,6,4,3,5,11,5,1,6,2,0,0,0,1
"Na Gleannta, Donegal Division",13,8,15,8,7,15,10,5,7,8,10,15,5,8,0
"Ballymote, Sligo Division",20,19,20,14,22,23,30,39,34,34,32,23,9,16,7
"Enniscrone, Sligo Division",23,21,19,34,26,31,30,15,16,19,19,31,9,12,24
"Gurteen, Leitrim Division",7,13,8,5,18,11,15,20,20,24,14,11,11,10,5
"Riverstown, Sligo Division",11,9,12,9,15,19,24,17,21,15,20,11,6,11,10
"Tubbercurry, Sligo Division",18,11,19,24,29,25,37,31,38,30,33,39,37,39,34
"Ballinamore, Leitrim Division",14,9,8,20,15,16,28,27,20,17,10,17,6,12,14
"Carrick-On-Shannon, Leitrim Division",63,80,103,123,111,148,91,96,95,105,123,105,106,100,112
"Carrigallen, Leitrim Division",1,7,8,11,5,4,2,16,3,4,6,7,11,5,3
"Drumshambo, Leitrim Division",26,24,37,17,16,20,25,17,23,15,33,17,17,24,11
"Kinlough, Leitrim Division",23,17,20,24,23,20,19,13,23,10,21,12,18,13,14
"Manorhamilton, Leitrim Division",47,38,39,43,42,67,47,38,52,34,25,46,32,36,40
"Mohill, Leitrim Division",28,38,33,35,59,35,48,31,27,26,41,22,27,17,16
"Collooney, Sligo Division",36,24,24,27,33,30,34,23,27,19,42,27,20,32,31
"Coolaney, Sligo Division",8,8,3,5,6,13,8,8,9,5,9,8,3,6,4
"Grange, Sligo Division",27,23,26,19,17,35,34,21,34,33,30,21,21,22,32
"Rosses Point, Sligo Division",15,15,13,13,8,8,14,8,10,14,20,8,8,17,8
"Skreen, Sligo Division",4,9,2,10,4,3,9,6,3,5,6,5,3,4,2
"Sligo, Sligo Division",684,541,576,692,687,551,523,518,432,424,456,386,318,287,378
"Ardee, Louth Division",48,42,85,96,135,125,128,132,122,109,79,88,104,54,67
"Castlebellingham, Louth Division",41,45,46,48,51,72,81,85,107,97,85,108,148,106,101
"Collon, Louth Division",9,12,20,20,24,38,58,43,29,29,13,15,10,10,6
"Louth, Louth Division",12,15,8,20,13,30,40,26,35,33,12,33,23,10,15
"Clogherhead, Louth Division",33,39,47,25,54,57,48,49,48,42,38,96,29,20,20
"Drogheda, Louth Division",523,618,693,588,813,950,791,755,683,741,594,688,789,592,720
"Dunleer, Louth Division",40,34,40,45,49,68,67,52,48,52,42,50,35,39,38
"Blackrock, Co Louth, Louth Division",54,48,63,83,103,104,65,80,63,71,102,66,85,53,51
"Carlingford, Louth Division",51,43,54,60,87,57,61,70,39,41,61,50,39,29,18
"Drumad, Louth Division",76,63,59,57,61,39,37,71,46,48,71,44,46,22,43
"Dundalk, Louth Division",914,773,746,914,898,979,843,858,742,724,910,853,977,837,697
"Hackballscross, Louth Division",15,18,15,13,21,26,24,31,28,27,22,17,17,17,4
"Omeath, Louth Division",26,28,59,23,39,23,15,23,26,21,13,17,32,5,7
"Crusheen, Clare Division",9,6,8,6,9,7,11,16,6,11,8,7,6,4,5
"Ennis, Clare Division",470,545,376,537,508,535,532,484,442,424,467,461,524,458,442
"Killaloe, Clare Division",90,88,82,100,94,142,116,75,64,68,62,55,51,54,46
"Newmarket on Fergus, Clare Division",26,9,15,18,23,27,25,33,28,18,23,24,19,33,20
"Scariff, Clare Division",20,36,28,24,31,27,33,32,35,26,24,44,35,22,19
"Shannon, Clare Division",191,137,137,165,188,204,172,197,146,108,118,106,166,74,90
"Sixmilebridge, Clare Division",28,44,27,35,58,60,48,39,43,55,38,35,41,22,22
"Tulla, Clare Division",12,19,9,18,15,26,8,16,18,11,11,25,30,18,11
"Ballyvaughan, Clare Division",17,11,9,7,8,18,26,11,4,26,25,11,25,8,12
"Corofin Co. Clare, Clare Division",15,5,7,15,4,14,10,3,8,7,17,14,13,8,16
"Ennistymon, Clare Division",70,49,108,41,52,56,61,72,60,60,65,46,48,46,43
"Kildysart, Clare Division",6,1,8,7,5,11,4,4,4,3,11,5,2,5,0
"Kilkee, Clare Division",25,26,31,32,49,65,44,57,35,41,27,21,20,19,20
"Kilmihil , Clare Division",5,7,4,5,12,11,16,10,15,19,9,8,9,10,6
"Kilrush, Clare Division",41,20,37,37,61,63,39,95,91,103,57,50,52,69,60
"Lisdoonvarna, Clare Division",22,19,26,21,19,28,14,21,15,7,10,14,21,18,28
"Miltown Malbay, Clare Division",32,27,46,29,18,22,36,25,33,25,17,14,11,9,22
"Ballycroy, Mayo Division",3,0,1,1,4,2,2,4,3,2,2,0,3,0,1
"Bangor Erris, Mayo Division",4,9,11,5,13,6,6,11,9,4,6,4,6,6,9
"BÈal an Mhuirthead, Mayo Division",21,15,28,27,26,22,37,29,20,21,13,9,16,15,13
"Gleann na Muaidhe, Mayo Division",4,1,3,3,4,5,3,3,5,3,4,1,4,0,2
"Ballina, Mayo Division",154,153,128,187,240,215,159,181,155,184,180,149,155,110,104
"Bonniconlon, Mayo Division",4,3,4,26,3,7,5,16,14,14,7,9,11,9,5
"Crossmolina, Mayo Division",9,10,19,20,21,19,20,14,18,14,15,17,9,12,5
"Killala, Mayo Division",13,14,6,7,21,22,13,23,14,21,35,18,5,2,8
"Balla, Mayo Division",18,14,21,13,20,14,19,11,13,13,10,15,10,7,6
"Castlebar, Mayo Division",387,307,265,280,253,290,265,226,292,299,323,241,253,255,254
"Partry, Mayo Division",9,8,11,11,14,20,12,21,18,24,16,9,2,4,7
"Ballindine, Mayo Division",20,7,12,8,10,14,18,9,8,8,8,4,11,6,6
"Ballinrobe, Mayo Division",40,37,39,45,54,37,38,32,26,30,42,42,19,25,43
"Claremorris, Mayo Division",90,40,73,72,76,96,114,74,69,99,47,49,46,49,48
"Cong, Mayo Division",27,20,11,5,11,11,14,12,10,15,14,8,8,4,11
"Kilmaine, Mayo Division",2,6,1,7,3,3,4,4,6,6,6,7,3,3,2
"Knock, Mayo Division",26,9,15,6,28,19,14,13,22,25,7,8,14,6,7
"Shrule, Mayo Division",2,9,4,3,6,4,1,4,8,8,3,6,6,2,13
"Ballyhaunis, Mayo Division",32,22,62,51,35,27,49,30,39,40,51,36,33,26,24
"Charlestown, Mayo Division",28,18,32,60,66,47,39,26,32,24,28,24,48,39,35
"Foxford, Mayo Division",17,19,19,16,49,19,26,33,27,22,20,15,13,13,17
"Kilkelly, Mayo Division",7,3,4,8,12,12,21,17,14,17,17,12,7,14,11
"Kiltimagh, Mayo Division",33,35,31,24,30,16,21,19,19,25,13,18,20,6,14
"Swinford, Mayo Division",20,17,38,29,34,31,29,35,37,39,35,37,21,23,28
"Gob an Choire, Mayo Division",4,3,1,6,6,6,4,5,4,12,9,1,2,4,2
"Keel, Mayo Division",5,1,3,1,5,7,4,2,5,12,12,1,4,6,10
"Louisburgh, Mayo Division",7,12,7,13,9,12,16,9,8,14,18,4,5,8,10
"Newport, Co Mayo, Mayo Division",7,12,6,10,8,10,21,10,20,16,17,12,15,7,8
"Westport, Mayo Division",72,68,64,114,68,100,168,76,107,120,103,87,101,61,77
"Ahascragh, Galway Division",3,5,6,4,7,7,12,7,7,9,7,4,2,2,6
"Ballinasloe, Galway Division",116,115,89,151,141,154,241,181,170,125,129,186,162,138,143
"Ballygar, Galway Division",10,12,12,8,10,10,12,10,13,6,9,6,7,5,1
"Creggs, Galway Division",3,1,1,1,3,1,1,3,2,4,3,0,0,0,0
"Kilconnell, Galway Division",4,5,5,4,4,9,3,7,4,12,4,4,3,2,1
"Kiltormer, Galway Division",3,4,4,6,5,6,4,16,10,4,6,1,9,2,5
"Mountbellew, Galway Division",13,27,15,10,11,29,39,16,18,24,14,16,20,8,11
"Moylough, Galway Division",5,6,8,5,6,5,16,3,8,9,7,9,8,7,5
"An Maim, Galway Division",14,8,11,7,8,19,22,21,11,7,17,11,15,5,10
"Carna, Galway Division",6,5,4,13,15,11,9,6,6,4,0,9,7,2,1
"Clifden, Galway Division",50,36,38,33,53,31,34,32,37,25,22,24,24,11,10
"Cloch na Ron, Galway Division",3,5,2,2,4,2,4,4,3,0,0,0,2,1,1
"Letterfrack, Galway Division",7,11,10,16,8,10,3,10,10,9,10,7,4,6,1
"Sraith Salach, Galway Division",1,8,1,3,4,1,5,10,3,1,5,1,1,3,1
"Aran More, Galway Division",140,203,129,126,170,153,131,184,111,150,153,117,121,96,119
"Athenry, Galway Division",11,32,39,45,43,52,59,48,44,38,42,27,33,35,30
"Gaillimh, Galway Division",1387,1258,1678,1866,1794,1859,1482,1407,1115,1270,1225,1184,1252,1044,1171
"Leach Seoirse, Galway Division",24,54,29,46,60,57,69,86,73,69,69,32,33,24,28
"Monivea, Galway Division",0,2,3,5,5,6,10,2,4,6,5,3,5,1,1
"Ardrahan, Galway Division",4,8,13,15,5,9,10,11,5,12,6,3,15,8,5
"Craughwell, Galway Division",27,32,27,44,31,25,33,40,19,22,20,23,20,22,25
"Gort, Galway Division",52,51,49,63,73,76,46,60,43,46,45,59,43,51,34
"Kinvara, Galway Division",19,12,4,3,3,15,9,7,4,11,11,8,10,3,9
"Eyrecourt, Galway Division",1,7,7,6,8,17,9,6,14,20,17,9,10,4,5
"Killimor, Galway Division",6,10,13,8,7,10,6,13,10,12,8,13,10,10,18
"Kilrickle, Galway Division",15,14,12,11,13,16,26,14,14,9,8,4,6,6,7
"Loughrea, Galway Division",123,150,106,103,76,59,97,91,103,67,76,71,74,56,69
"Portumna, Galway Division",53,44,16,31,23,39,39,35,41,33,40,32,41,39,25
"Woodford, Galway Division",8,1,2,6,5,2,8,5,6,4,11,11,6,4,5
"An Cheathru Rua, Galway Division",10,12,11,4,7,13,17,3,3,5,9,1,7,1,5
"An Spideal, Galway Division",37,20,18,21,20,18,24,15,13,20,7,10,5,4,3
"Bothar Na Tra, Galway Division",301,190,222,274,262,202,243,198,183,174,234,136,123,132,169
"Cill Ronain, Galway Division",5,3,9,2,3,8,5,1,4,2,0,1,0,2,4
"Indreabhain, Galway Division",8,7,5,10,7,6,10,10,7,9,6,3,4,3,3
"Leitir Mor, Galway Division",10,1,2,10,5,5,5,3,2,2,3,2,2,4,0
"Maigh Cuilinn, Galway Division",25,13,13,15,15,21,23,23,12,13,7,11,6,6,6
"Oughterard, Galway Division",23,16,10,14,22,47,39,30,18,12,10,12,9,4,6
"Ros Muc, Galway Division",2,3,2,2,3,3,11,4,3,0,1,4,0,1,1
"Barnaderg, Galway Division",2,11,6,9,5,18,15,10,14,12,9,8,9,6,12
"Corofin Co. Galway, Galway Division",4,5,9,9,17,14,16,14,15,12,5,6,11,8,7
"Dunmore, Galway Division",8,8,11,8,5,23,14,20,21,14,20,24,23,12,11
"Glenamaddy, Galway Division",8,6,7,3,4,11,5,6,5,10,4,12,8,8,3
"Headford, Galway Division",11,16,7,16,17,18,17,14,28,20,46,30,22,14,21
"Milltown, Galway Division",3,7,3,9,10,11,18,9,7,9,6,7,11,5,2
"Tuam, Galway Division",136,115,102,104,147,135,114,103,101,95,90,112,141,87,118
"Williamstown, Galway Division",4,14,3,4,13,4,7,5,8,15,14,10,15,4,9
"Boyle, Roscommon Division",36,40,38,48,62,76,60,54,61,45,53,45,44,37,37
"Elphin, Roscommon Division",5,14,11,13,6,6,6,4,7,7,8,4,9,6,6
"Keadue, Roscommon Division",5,3,5,1,4,2,12,13,12,10,10,9,12,5,8
"Roosky, Roscommon Division",15,15,14,18,25,26,24,12,13,24,19,8,12,12,22
"Strokestown, Roscommon Division",9,8,10,20,16,20,20,8,5,12,12,14,7,14,16
"Ballaghderreen, Roscommon Division",30,15,30,48,33,47,29,50,59,81,41,40,51,28,33
"Ballinlough, Roscommon Division",17,8,18,19,9,11,19,8,14,14,18,6,15,9,8
"Castlerea, Roscommon Division",43,33,67,62,60,51,51,43,47,25,40,52,56,47,42
"Frenchpark, Roscommon Division",12,88,18,9,15,28,15,14,5,14,11,11,15,6,4
"Tulsk, Roscommon Division",2,4,14,8,13,15,17,6,10,15,11,4,6,8,8
"Drumlish, Longford Division",6,12,11,4,18,21,13,23,11,6,5,11,18,7,8
"Edgeworthstown, Longford Division",48,34,38,46,65,57,74,67,68,46,57,47,41,34,47
"Granard, Longford Division",54,46,41,51,44,48,42,60,38,44,48,39,27,41,36
"Smear, Longford Division",8,9,3,8,12,6,6,7,8,3,6,8,3,5,7
"Kenagh, Longford Division",5,12,6,5,8,17,15,19,15,15,14,13,14,7,4
"Lanesboro, Longford Division",28,29,12,28,26,28,21,20,28,32,24,17,15,10,10
"Longford, Longford Division",278,315,262,367,316,237,261,266,237,250,292,224,257,322,291
"Ballymahon, Longford Division",11,33,21,31,59,33,42,45,56,56,31,29,25,29,27
"Athleague, Roscommon Division",8,7,11,8,13,10,11,14,12,8,5,4,9,5,7
"Clonark, Roscommon Division",13,15,14,9,16,21,30,22,22,27,16,20,9,17,19
"Roscommon, Roscommon Division",137,125,143,126,132,137,161,134,152,162,115,103,143,117,123
"Taughmaconnell, Roscommon Division",2,3,4,3,3,5,6,5,3,1,1,2,2,0,1
"Mayfield, Cork City Division",148,185,170,174,132,177,152,147,165,120,207,164,132,100,139
"Anglesea Street, Cork City Division",1464,1415,1652,1429,1299,1295,1362,1354,1337,1107,1135,1042,1055,971,1026
"Blackrock, Co Cork, Cork City Division",142,182,243,220,217,294,232,212,212,227,207,242,214,278,266
"Bridewell Cork, Cork City Division",592,523,490,411,437,387,393,424,372,347,479,508,453,442,484
"Ballincollig, Cork City Division",109,115,170,195,179,212,168,209,191,158,146,163,156,140,130
"Blarney, Cork City Division",84,119,149,139,120,144,117,99,110,81,89,64,96,60,87
"Gurranabraher, Cork City Division",255,404,367,314,265,267,293,293,248,200,208,203,206,187,210
"Watercourse Road, Cork City Division",568,691,712,674,720,738,624,516,480,490,550,472,483,393,401
"Bishopstown, Cork City Division",267,284,391,321,328,434,438,368,351,371,317,351,338,285,287
"Carrigaline, Cork City Division",63,75,137,87,137,148,96,120,131,85,108,101,121,82,96
"Crosshaven, Cork City Division",25,20,27,27,35,24,26,42,33,33,22,25,32,18,23
"Douglas, Cork City Division",237,272,286,220,220,265,255,199,220,163,160,227,219,214,251
"Passage West, Cork City Division",37,35,20,40,36,40,57,52,54,61,34,51,32,38,36
"Togher, Cork City Division",296,242,253,222,234,330,241,171,164,162,158,159,140,90,148
"Carrigtwohill, Cork North Division",29,22,47,41,44,37,45,48,46,43,36,43,32,47,36
"Cobh, Cork North Division",110,84,82,82,111,110,93,98,78,72,132,78,91,43,44
"Glanmire, Cork City Division",127,126,173,162,145,120,110,113,121,84,114,112,115,109,141
"Watergrasshill, Cork North Division",26,9,14,17,22,13,21,18,14,10,13,14,26,9,38
"Ballynoe, Cork North Division",13,5,7,10,8,12,3,6,12,15,6,4,5,6,4
"Castletownroche, Cork North Division",12,12,17,26,16,11,11,15,18,13,14,19,17,6,11
"Fermoy, Cork North Division",101,79,85,100,90,81,84,81,75,74,93,101,72,80,55
"Kildorrery, Cork North Division",8,13,15,19,14,13,12,13,14,11,19,13,21,5,12
"Kilworth, Cork North Division",14,5,8,3,6,6,8,11,9,10,10,7,10,4,2
"Mitchelstown, Cork North Division",69,56,55,55,44,76,44,52,55,59,66,75,67,44,47
"Rathcormac, Co Cork, Cork North Division",18,22,27,30,15,27,28,25,22,31,21,25,12,9,8
"Buttevant, Cork North Division",11,18,13,24,23,17,20,21,18,46,19,32,21,23,12
"Charleville, Cork North Division",56,42,39,53,50,86,64,64,120,124,83,91,107,77,82
"Doneraile, Cork North Division",18,13,27,16,10,14,15,20,28,33,19,19,22,16,21
"Glantaine, Cork North Division",10,10,11,8,9,13,13,11,11,10,10,18,11,5,8
"Liscarroll, Cork North Division",4,6,11,8,8,12,16,11,12,9,10,7,8,7,13
"Mallow, Cork North Division",192,134,132,182,169,150,177,163,161,197,195,192,183,168,158
"Milford, Co Cork, Cork North Division",4,5,4,5,7,8,7,10,14,5,9,15,4,10,3
"Ballycotton, Cork North Division",3,11,13,11,7,12,9,6,8,9,9,5,3,0,4
"Cloyne, Cork North Division",6,10,14,10,5,21,22,17,5,11,16,11,7,5,2
"Killeagh, Cork North Division",37,16,25,25,24,19,26,40,18,21,36,17,26,21,16
"Midleton, Cork North Division",111,155,160,144,148,156,164,155,159,126,154,127,159,134,153
"Whitegate, Cork North Division",6,14,21,14,11,20,16,21,17,14,13,9,9,12,12
"Youghal, Cork North Division",124,121,134,138,108,104,95,93,65,93,88,87,58,78,75
"Ballineen, Cork West Division",11,9,4,3,12,8,14,14,19,16,13,17,10,2,15
"Ballinhassig, Cork West Division",16,20,19,39,24,20,30,23,40,27,24,27,13,8,8
"Bandon, Cork West Division",63,108,114,127,113,103,90,70,100,80,103,101,80,76,65
"Innishannon, Cork West Division",12,7,8,10,12,11,7,8,13,9,7,12,11,5,8
"Kilbrittain, Cork West Division",10,1,4,3,7,7,3,5,16,12,14,5,7,0,2
"Kinsale, Cork West Division",120,102,89,101,102,130,101,82,115,90,98,79,59,47,54
"Timoleague, Cork West Division",7,3,7,3,3,6,12,8,15,7,0,2,3,2,5
"Ballydehob, Cork West Division",8,2,4,2,4,7,9,11,4,8,12,7,12,5,4
"Bantry, Cork West Division",69,46,57,71,51,61,98,67,53,24,27,31,31,34,29
"Castletownbere, Cork West Division",19,19,27,32,24,20,18,33,23,22,20,13,9,6,6
"Drimoleague, Cork West Division",12,13,17,15,12,14,11,6,1,10,9,5,8,16,4
"Durrus, Cork West Division",3,4,5,6,9,4,11,4,5,7,4,6,5,4,4
"Glengarriff, Cork West Division",14,12,11,14,6,13,5,8,6,10,11,6,14,2,3
"Kealkil, Cork West Division",4,7,7,6,4,3,4,2,8,3,3,1,4,0,0
"Schull, Cork West Division",37,12,12,28,16,19,20,19,10,22,14,23,8,9,12
"Baltimore, Cork West Division",6,5,6,5,17,7,13,8,4,7,1,1,14,1,4
"Clonakilty, Cork West Division",76,121,64,72,50,55,75,54,77,55,71,70,59,36,49
"Drinagh, Cork West Division",1,1,3,2,3,6,6,2,4,2,1,4,0,0,2
"Dunmanway, Cork West Division",16,22,42,60,39,31,27,26,46,47,38,31,23,14,17
"Rosscarbery, Cork West Division",8,17,12,18,18,23,24,20,18,27,21,14,7,12,9
"Skibbereen, Cork West Division",54,45,56,73,56,61,64,38,34,54,52,39,42,25,23
"Ballydesmond, Cork West Division",6,10,3,7,4,15,10,1,9,6,4,7,7,3,4
"Boherbue, Cork West Division",13,10,7,11,6,16,9,9,12,5,11,13,10,6,9
"Kanturk, Cork North Division",37,37,49,52,60,52,68,67,71,55,62,39,31,30,28
"Millstreet, Co. Cork, Cork West Division",25,32,21,24,25,23,31,23,38,19,31,35,16,12,13
"Newmarket, Cork North Division",18,30,24,18,27,22,24,19,26,21,18,36,21,12,17
"Rathmore, Co Kerry, Cork West Division",20,14,16,24,18,15,23,18,24,21,19,19,18,4,7
"BÈal aÅtha an Ghaorthaidh, Cork West Division",8,7,5,9,6,7,10,4,7,5,4,4,2,3,3
"Baile Bhuirne, Cork West Division",7,5,5,10,9,7,3,10,13,8,16,7,8,11,5
"Coachford, Cork West Division",10,13,11,10,17,6,10,2,15,15,20,30,12,9,6
"Crookstown, Cork West Division",15,19,8,25,27,29,31,23,27,24,25,29,15,15,9
"Macroom, Cork West Division",40,64,97,74,76,64,71,49,45,64,66,60,50,35,31
"Stuake, Cork West Division",5,7,2,8,5,11,7,17,20,7,13,7,12,6,5
"Tarelton, Cork West Division",5,8,3,16,23,19,33,12,27,10,9,16,6,3,5
"An Coirean, Kerry Division",5,6,10,8,4,12,12,8,7,7,9,7,7,12,11
"Barraduff, Kerry Division",2,3,1,5,5,2,0,1,7,4,3,0,1,1,1
"Caherciveen, Kerry Division",15,15,17,19,27,31,28,19,15,9,14,23,36,16,26
"Glenbeigh, Kerry Division",3,6,6,2,0,4,1,0,1,1,4,1,5,4,8
"Kenmare, Kerry Division",21,30,68,44,38,39,49,30,32,20,28,28,21,7,27
"Killarney, Kerry Division",269,231,245,293,239,292,214,280,229,230,265,271,281,185,197
"Killorglin, Kerry Division",19,29,31,18,14,21,17,20,23,10,48,53,37,19,23
"Portmagee, Kerry Division",4,4,7,9,7,6,3,3,4,4,7,1,4,4,3
"Sneem, Kerry Division",11,12,4,6,4,8,4,9,9,7,10,8,2,6,3
"Ballybunion, Kerry Division",47,30,46,43,36,33,33,22,21,21,23,10,15,9,10
"Ballyduff,  Co. Kerry, Kerry Division",7,2,6,11,17,14,7,13,4,4,10,2,4,0,2
"Ballyheigue, Kerry Division",5,4,6,9,6,4,5,13,11,8,6,7,3,3,4
"Knocknagoshel, Kerry Division",9,6,9,12,6,10,13,9,9,3,9,2,3,0,1
"Listowel, Kerry Division",104,77,67,96,90,68,77,83,60,37,66,109,63,55,74
"Lixnaw, Kerry Division",11,5,7,8,12,13,7,12,9,7,12,6,3,1,3
"Tarbert, Kerry Division",8,4,8,15,13,15,6,4,4,3,8,9,10,4,7
"Annascaul, Kerry Division",4,3,4,6,2,4,3,4,1,4,4,2,1,2,3
"Ardfert, Kerry Division",21,13,22,16,26,11,15,15,16,12,5,11,6,5,9
"Baile an FheirtÈaraigh, Kerry Division",2,0,0,4,4,3,0,1,2,3,4,3,6,11,2
"Castlegregory, Kerry Division",10,9,6,4,9,14,16,14,14,21,11,19,10,13,8
"Castleisland, Kerry Division",60,54,32,41,30,39,50,36,35,38,53,34,31,11,20
"Castlemaine, Kerry Division",10,8,24,5,13,5,10,7,9,15,7,11,1,3,3
"Dingle, Kerry Division",12,10,21,19,20,15,17,11,15,9,7,20,27,25,15
"Farranfore, Kerry Division",11,5,8,9,10,19,8,14,11,6,10,7,6,4,2
"Tralee, Kerry Division",516,465,535,556,536,486,564,523,441,453,446,541,506,464,491
"Ballylanders, Limerick Division",12,13,16,12,11,11,17,11,8,24,12,20,14,9,7
"Bruff, Limerick Division",16,13,23,37,30,30,31,27,37,25,26,28,17,5,19
"Bruree, Limerick Division",6,4,4,18,10,11,9,12,11,12,17,19,13,13,10
"Cappamore, Limerick Division",18,18,18,19,16,33,32,31,24,19,15,14,13,24,12
"Hospital Co Limerick, Limerick Division",10,13,23,17,19,32,30,19,21,22,23,22,16,10,20
"Kilmallock, Limerick Division",23,18,33,53,57,58,51,44,47,53,66,49,62,32,51
"Murroe, Limerick Division",2,14,16,18,25,35,50,29,67,19,19,18,13,21,12
"Oola, Limerick Division",7,3,7,10,4,15,6,9,4,10,9,8,6,3,2
"Pallasgreen, Limerick Division",10,19,18,16,15,23,25,35,21,22,14,25,21,12,16
"Ardnacrusha, Limerick Division",51,55,83,90,129,97,100,103,120,108,91,89,88,46,35
"Castleconnell, Limerick Division",96,57,91,87,111,95,95,92,86,126,114,96,81,60,87
"Henry Street, Limerick Division",1748,1429,1908,2046,1703,1533,1512,1555,1522,1522,1372,1616,1528,1061,1497
"Mayorstone Park, Limerick Division",516,631,690,690,658,688,591,545,498,495,453,546,492,393,313
"Abbeyfeale, Limerick Division",20,15,28,48,43,43,105,46,64,52,49,67,49,46,36
"Adare, Limerick Division",22,11,17,22,13,24,36,17,30,37,45,44,12,14,14
"Askeaton, Limerick Division",15,21,21,24,8,12,30,19,23,58,37,36,38,30,21
"Athea, Limerick Division",5,4,2,4,5,8,9,8,8,3,5,13,11,3,4
"Ballingarry, Limerick Division",9,13,9,7,19,14,25,24,34,26,21,21,15,21,18
"Croom, Limerick Division",31,24,22,23,21,23,53,56,36,41,31,43,40,29,24
"Drumcollogher, Limerick Division",13,10,15,11,17,16,16,20,26,27,21,9,27,14,18
"Foynes, Limerick Division",15,13,11,12,21,19,23,39,19,20,36,33,43,17,18
"Glin, Limerick Division",3,2,8,2,10,20,22,14,8,10,17,11,9,9,8
"Newcastle West, Limerick Division",94,104,105,147,149,158,160,173,162,123,136,131,100,93,76
"Pallaskenry, Limerick Division",24,14,12,20,14,19,41,23,28,43,59,42,36,24,11
"Rathkeale, Limerick Division",21,23,17,71,35,53,83,85,52,65,38,17,32,34,30
"Ballyneety, Limerick Division",26,33,39,54,34,24,45,37,40,42,44,46,27,17,23
"Caherconlish, Limerick Division",17,19,22,32,29,31,35,46,72,59,50,41,23,29,31
"Patrickswell, Limerick Division",22,24,36,66,39,50,37,91,80,74,70,44,45,37,30
"Roxboro Road, Limerick Division",1018,771,1095,1250,1030,1013,1050,1012,1005,904,943,958,1083,651,719
"Banagher, Offaly Division",16,16,21,21,27,23,27,23,35,22,19,19,11,18,15
"Birr,  Offaly Division",109,97,108,131,99,109,127,109,82,127,117,119,105,79,83
"Cloghan, Co. Offaly, Offaly Division",12,18,17,14,14,20,14,17,21,16,14,4,10,4,14
"Ferbane, Offaly Division",34,20,31,21,25,28,21,40,27,25,31,19,33,16,17
"Kilcormac, Offaly Division",22,13,18,13,10,15,15,20,16,11,24,26,13,16,14
"Kinnitty, Offaly Division",5,8,7,13,11,14,11,10,8,17,16,7,13,11,5
"Shinrone, Offaly Division",11,12,8,14,10,5,8,15,7,7,11,8,15,6,6
"Abbeyleix, Laois Division",41,46,69,46,73,74,129,80,76,56,55,68,53,36,19
"Arles, Laois Division",19,15,15,21,29,28,31,34,32,32,25,31,27,21,24
"Ballylinan, Laois Division",13,25,23,30,32,24,28,34,47,22,30,20,20,17,15
"Borris-In-Ossory, Laois Division",13,13,9,25,12,29,20,15,14,11,15,24,16,7,10
"Clonaslee, Laois Division",5,5,8,5,9,1,12,15,11,15,15,11,7,4,4
"Durrow, Laois Division",18,33,32,24,18,15,29,16,12,15,19,21,24,9,7
"Mountmellick, Laois Division",41,39,40,41,42,82,64,75,68,94,110,80,138,62,72
"Mountrath, Laois Division",45,31,25,28,41,44,45,43,43,40,99,57,49,36,40
"Portarlington, Laois Division",67,82,91,128,129,135,147,167,133,116,146,164,196,100,95
"Portlaoise, Laois Division",487,398,351,376,347,522,495,527,465,481,659,631,690,654,580
"Rathdowney, Laois Division",22,15,26,27,21,24,26,22,31,17,23,32,30,15,11
"Stradbally Co Laois, Laois Division",20,16,25,25,40,39,59,62,76,77,73,80,75,78,62
"Clara, Offaly Division",57,31,44,35,54,27,47,50,28,34,56,28,107,24,16
"Clonbologue, Offaly Division",8,10,5,12,12,16,9,10,15,16,16,6,13,7,10
"Daingean, Offaly Division",18,26,13,21,33,18,21,20,24,14,25,32,21,8,7
"Edenderry, Offaly Division",70,82,86,111,77,81,119,102,102,62,88,123,87,82,99
"Rhode, Offaly Division",20,13,26,23,28,14,18,16,16,26,11,16,12,3,14
"Tullamore, Offaly Division",342,327,373,349,330,334,318,315,312,313,410,418,357,256,328
"Ashbourne, Meath Division",205,202,202,292,310,346,413,399,465,341,353,317,312,239,343
"Duleek, Meath Division",37,53,62,61,92,97,111,125,123,105,72,82,67,43,58
"Dunboyne, Meath Division",116,117,122,177,175,170,198,185,188,229,228,220,175,151,185
"Dunshaughlin, Meath Division",73,76,125,86,123,105,135,124,149,109,99,107,85,73,81
"Laytown, Meath Division",98,116,156,189,175,189,355,424,387,331,313,372,284,184,277
"Baile AÅtha Bui, Meath Division",32,33,34,60,70,70,80,52,70,42,39,47,51,26,46
"Kells Ceanannus Mor, Meath Division",99,105,139,132,119,166,203,168,133,142,124,162,121,97,97
"Oldcastle, Meath Division",42,32,36,35,42,35,45,56,48,34,19,47,24,25,23
"Navan, Meath Division",353,488,442,538,567,500,531,500,490,519,675,761,634,507,727
"Nobber, Meath Division",12,15,14,24,22,47,50,50,52,41,35,30,34,24,31
"Slane, Meath Division",27,58,41,66,68,75,71,74,44,52,57,33,50,43,82
"Ballivor, Meath Division",19,29,24,30,35,22,33,35,24,22,29,14,22,7,17
"Enfield, Meath Division",47,73,119,110,92,75,38,59,50,45,46,25,27,36,46
"Longwood, Meath Division",1,3,15,13,21,27,52,34,38,38,32,21,33,23,20
"Summerhill, Meath Division",25,25,37,32,46,51,40,35,35,26,18,30,18,7,24
"Trim, Meath Division",98,135,176,169,159,209,181,154,176,122,108,173,117,139,151
"Glasson, Westmeath Division",30,18,25,18,17,20,23,21,27,19,22,17,14,11,18
"Baltinglass, Wicklow Division",77,86,77,57,73,94,109,75,73,72,53,68,51,27,34
"Blessington, Wicklow Division",94,123,147,123,149,184,207,170,180,178,198,148,133,172,135
"Carnew, Wicklow Division",27,18,22,27,34,28,23,17,27,23,32,14,19,15,21
"Dunlavin, Wicklow Division",28,46,26,27,23,19,32,29,32,22,13,21,7,3,11
"Shillelagh, Wicklow Division",19,12,19,28,16,25,16,18,29,29,13,16,18,9,7
"Tinahely, Wicklow Division",12,11,21,19,22,25,23,9,19,22,10,12,9,14,15
"Bray, Wicklow Division",528,529,637,620,589,617,764,820,779,771,718,731,677,572,539
"Enniskerry, Wicklow Division",82,67,75,73,70,77,91,96,76,75,88,75,56,53,72
"Greystones, Wicklow Division",246,259,275,286,305,278,300,332,286,293,256,371,379,276,306
"Newtownmountkennedy, Wicklow Division",55,41,46,47,62,58,47,54,53,74,59,84,41,42,49
"Arklow, Wicklow Division",216,216,170,256,206,250,304,271,292,253,230,187,244,253,231
"Ashford, Wicklow Division",93,71,55,126,62,78,48,50,57,46,56,60,95,56,71
"Aughrim, Wicklow Division",21,20,16,22,30,24,18,17,26,12,12,8,15,6,9
"Avoca, Wicklow Division",16,16,9,22,21,17,19,23,20,19,15,23,12,7,11
"Rathdrum, Wicklow Division",86,68,73,72,72,75,79,72,84,71,104,81,94,48,81
"Roundwood, Wicklow Division",39,87,64,48,32,63,64,115,87,67,116,89,68,65,66
"Wicklow, Wicklow Division",249,206,227,281,240,257,201,216,226,189,192,253,173,129,151
"Athlone, Westmeath Division",585,428,475,617,495,461,467,491,471,495,479,471,451,390,438
"Ballymore, Westmeath Division",5,8,11,2,4,10,19,9,9,20,10,11,4,6,8
"Kilbeggan, Westmeath Division",35,46,36,40,41,44,47,49,49,36,61,45,37,27,27
"Moate, Westmeath Division",29,39,63,48,55,26,28,30,38,35,28,20,27,14,19
"Ballynacargy, Westmeath Division",7,12,15,27,25,18,15,20,25,15,8,7,5,3,11
"Castlepollard, Westmeath Division",23,43,36,39,55,45,49,43,41,35,42,28,25,25,17
"Delvin, Westmeath Division",19,16,35,31,48,39,23,29,39,37,28,24,31,30,29
"Killucan, Westmeath Division",15,17,36,28,45,30,34,29,25,17,10,12,8,17,6
"Kinnegad, Westmeath Division",58,88,92,76,74,62,37,36,39,41,51,48,49,31,25
"Mullingar, Westmeath Division",436,445,436,481,548,430,432,483,432,458,498,456,436,403,442
"Multyfarnham, Westmeath Division",12,22,21,23,28,15,30,29,22,9,15,23,12,18,12
"Rochfortbridge, Westmeath Division",26,29,41,34,40,28,18,22,20,33,19,24,26,20,35
"Athy, Kildare Division",201,178,141,128,145,224,261,205,271,163,183,201,153,149,180
"Castledermot, Kildare Division",37,43,34,39,45,48,58,39,46,36,43,39,37,23,25
"Kildare, Kildare Division",128,128,130,134,139,196,192,173,175,180,113,165,172,134,172
"Monasterevin, Kildare Division",60,38,46,47,67,104,74,77,79,112,141,106,98,76,61
"Newbridge, Kildare Division",249,278,289,343,394,473,398,307,355,372,298,373,385,351,415
"Rathangan, Kildare Division",30,36,25,44,73,35,42,64,78,63,53,65,44,29,42
"Carbury, Kildare Division",24,19,23,26,48,34,58,52,83,117,92,97,89,50,41
"Celbridge, Kildare Division",223,182,263,234,276,296,239,287,319,341,476,349,252,265,319
"Kilcock, Kildare Division",53,78,81,123,121,121,183,150,157,135,107,122,105,118,113
"Leixlip, Kildare Division",235,184,160,138,147,117,201,154,224,185,225,190,156,152,159
"Maynooth, Kildare Division",274,263,257,299,299,230,256,297,360,375,364,336,312,288,254
"Clane, Kildare Division",85,132,117,178,175,179,138,153,160,190,133,151,168,125,148
"Kilcullen, Kildare Division",74,70,64,71,253,115,108,85,51,65,54,81,63,49,67
"Naas, Kildare Division",625,584,684,729,831,762,676,593,669,551,740,635,569,486,613
"Robertstown, Kildare Division",33,31,30,43,46,64,79,98,71,58,55,58,34,29,36
"Ardfinnan, Tipperary Division",7,5,10,7,6,10,8,4,7,20,11,11,7,8,11
"Ballyporeen, Tipperary Division",4,7,7,2,2,2,2,2,6,6,7,6,6,2,3
"Cahir, Tipperary Division",70,62,57,77,47,75,49,48,35,63,71,36,42,54,43
"Cashel, Tipperary Division",38,91,44,50,66,52,38,54,66,75,99,87,87,77,80
"Clogheen, Co. Tipperary, Tipperary Division",15,9,7,5,9,8,8,7,8,12,13,16,7,8,4
"Carrick-On-Suir, Tipperary Division",49,47,59,96,95,91,85,107,104,76,102,80,83,68,74
"Carrig na Bhfear, Cork City Division",21,10,25,28,20,24,18,15,26,22,25,19,3,7,10
"Clonmel, Tipperary Division",211,249,254,281,291,320,200,321,268,342,332,319,325,349,330
"Fethard, Tipperary Division",22,18,27,19,12,14,45,22,20,23,43,15,19,18,19
"Kilsheelan, Tipperary Division",5,2,8,6,6,7,8,8,9,13,10,6,6,3,2
"Mullinahone, Tipperary Division",4,7,10,4,5,2,10,8,15,5,12,14,10,7,10
"Ballingarry North, Tipperary Division",1,1,0,2,2,2,3,1,4,2,2,5,3,5,1
"Borrisokane, Tipperary Division",14,14,15,21,16,25,25,15,13,12,18,18,14,8,5
"Cloughjordan, Tipperary Division",8,7,4,2,11,8,8,3,5,5,1,8,9,4,6
"Dolla, Tipperary Division",1,5,5,4,3,4,5,6,7,1,2,11,12,5,8
"Lorrha, Tipperary Division",11,5,10,9,3,11,6,9,9,4,4,6,5,7,4
"Nenagh, Tipperary Division",129,131,119,140,164,148,178,180,148,148,161,172,179,140,114
"Newport, Co Tipperary, Tipperary Division",26,38,33,38,36,59,67,61,41,38,38,44,61,30,51
"Portroe, Tipperary Division",9,4,7,3,4,8,22,6,5,15,7,8,14,8,4
"Toomevara, Tipperary Division",11,12,5,10,13,10,14,38,12,5,7,9,9,5,4
"Borrisoleigh, Tipperary Division",8,8,13,13,11,16,14,5,11,19,20,16,11,2,15
"Moneygall, Tipperary Division",5,4,4,5,8,5,5,14,3,2,3,8,10,5,9
"Moyne, Tipperary Division",4,4,10,11,9,12,2,9,7,9,7,6,4,6,2
"Roscrea, Tipperary Division",105,110,72,60,58,50,93,94,63,42,43,63,58,58,69
"Shevry, Tipperary Division",6,4,2,3,2,3,4,2,3,5,1,2,0,5,2
"Templederry, Tipperary Division",2,0,1,5,3,0,0,3,3,0,2,0,0,0,2
"Templemore, Tipperary Division",56,47,51,50,59,42,26,27,51,35,42,51,44,23,21
"Templetuohy, Tipperary Division",10,5,4,6,6,6,5,3,4,6,8,6,5,2,0
"Ballingarry South, Tipperary Division",8,12,5,9,13,12,12,29,11,7,5,10,6,7,9
"Holycross, Tipperary Division",7,3,7,4,12,14,5,13,24,9,13,7,7,5,7
"Killenaule, Tipperary Division",22,28,35,17,37,16,37,50,39,35,26,29,17,15,24
"Littleton, Tipperary Division",16,8,19,24,32,24,21,31,16,11,20,24,27,11,8
"Thurles, Tipperary Division",203,189,157,212,205,179,220,197,157,133,128,132,139,150,127
"Bansha, Tipperary Division",8,7,7,9,6,6,8,16,8,12,14,14,7,8,4
"Cappawhite, Tipperary Division",25,21,20,22,22,28,20,29,32,30,31,22,13,27,13
"Emly, Tipperary Division",4,4,4,1,2,2,7,8,4,9,8,5,5,6,6
"Golden, Tipperary Division",10,4,4,7,5,0,6,8,10,13,17,14,6,7,4
"Tipperary, Tipperary Division",96,104,86,102,129,123,112,129,133,138,133,150,117,161,94
"Blackwater, Wexford Division",9,17,14,33,35,46,58,46,41,29,70,37,41,41,24
"Clonroche, Wexford Division",30,25,20,11,27,26,18,29,31,45,33,22,25,13,11
"Enniscorthy, Wexford Division",178,155,160,200,239,207,280,235,266,251,272,247,232,187,165
"Ferns, Wexford Division",17,16,33,22,24,44,57,40,58,43,34,34,30,23,22
"Oulart, Wexford Division",14,9,11,11,13,22,23,21,45,21,24,26,20,13,9
"Oylegate, Wexford Division",5,4,8,15,7,15,20,28,25,16,11,26,16,12,5
"Bunclody, Wexford Division",37,49,60,74,77,62,50,57,76,80,84,55,62,50,38
"Courtown Harbour, Wexford Division",34,53,43,70,62,99,88,65,63,92,84,88,120,71,68
"Gorey, Wexford Division",146,140,202,177,186,224,206,182,208,210,214,232,222,246,247
"Ballycullane, Wexford Division",14,7,11,9,5,9,22,13,30,23,15,4,10,4,6
"Campile, Wexford Division",14,17,8,4,3,10,13,9,19,20,12,10,7,7,6
"Carrickbyrne, Wexford Division",10,21,19,26,16,11,29,36,50,58,21,11,26,18,13
"Carrick-on-Bannow, Wexford Division",19,27,10,18,17,16,24,23,32,21,16,12,16,18,10
"Duncannon, Wexford Division",21,29,17,26,23,30,37,34,67,56,31,18,21,11,12
"New Ross, Wexford Division",116,136,124,140,156,181,140,115,170,188,145,134,112,97,137
"Castlebridge, Wexford Division",11,5,8,26,14,22,42,78,65,62,52,54,56,25,21
"Glynn, Wexford Division",6,7,2,3,2,9,14,8,19,11,9,11,5,2,10
"Kilmore Quay, Wexford Division",11,23,22,13,24,25,43,41,57,43,26,32,35,16,16
"Rosslare Harbour, Wexford Division",38,37,54,37,26,35,40,26,39,38,31,23,32,28,36
"Rosslare Strand, Wexford Division",33,16,15,23,18,21,30,37,42,41,42,37,30,24,13
"Taghmon, Wexford Division",13,24,10,15,28,23,48,51,51,32,30,18,21,24,9
"Wexford, Wexford Division",493,433,485,410,368,402,470,396,468,543,470,501,506,449,469
"Ballon, Carlow Division",14,15,19,22,18,24,20,32,30,18,25,11,14,8,13
"Borris, Carlow Division",13,10,14,10,25,29,24,16,21,19,19,20,15,5,5
"Carlow, Carlow Division",453,486,606,688,582,638,862,716,616,583,603,532,471,420,492
"Hacketstown, Carlow Division",9,16,11,23,14,18,21,10,15,6,8,5,3,5,13
"Muine Bheag, Carlow Division",34,55,30,79,112,109,93,93,122,67,68,49,40,38,46
"Myshall, Carlow Division",0,5,4,3,4,15,16,7,16,18,14,20,5,7,7
"Rathvilly, Carlow Division",15,11,7,15,16,12,9,9,2,10,6,8,4,1,3
"Tullow, Carlow Division",66,70,54,103,65,77,82,62,69,78,61,56,68,38,49
"Callan, Kilkenny Division",15,32,36,54,40,34,25,50,31,32,34,37,55,32,30
"Castlecomer, Kilkenny Division",24,37,42,73,60,56,65,65,72,62,77,38,70,36,27
"Freshford, Kilkenny Division",4,4,9,6,8,8,9,10,12,5,16,10,12,10,8
"Kilkenny, Kilkenny Division",519,493,666,785,671,609,664,766,745,622,677,821,696,637,638
"Urlingford, Kilkenny Division",21,29,37,43,57,34,31,65,47,36,34,27,35,22,19
"Ballyhale, Kilkenny Division",13,9,17,17,13,23,26,26,22,10,16,10,2,6,10
"Bennettsbridge, Kilkenny Division",7,9,12,18,20,15,19,15,15,16,14,11,13,6,9
"Glenmore, Kilkenny Division",3,5,7,5,12,9,22,28,9,13,17,19,10,15,17
"Goresbridge, Kilkenny Division",8,14,9,7,30,27,56,54,37,38,29,25,19,25,28
"Graiguenamanagh, Kilkenny Division",30,14,19,11,22,35,38,23,42,35,29,23,35,13,9
"Kilmacow, Kilkenny Division",3,5,6,5,8,11,8,20,11,12,13,9,10,7,7
"Kilmoganny, Kilkenny Division",2,2,3,4,12,6,5,5,6,5,11,9,5,8,4
"Mooncoin, Kilkenny Division",11,15,3,11,15,8,21,23,24,23,17,19,13,5,9
"Mullinavat, Kilkenny Division",11,15,9,10,15,11,18,30,16,12,18,10,6,8,10
"Piltown, Kilkenny Division",5,10,5,6,24,18,21,21,19,27,25,17,13,6,10
"Stoneyford, Kilkenny Division",5,17,3,10,10,13,8,15,12,9,15,2,8,4,3
"Thomastown, Kilkenny Division",21,24,32,28,51,51,51,44,26,41,23,37,39,13,24
"Aglish, Waterford Division",5,7,1,7,5,6,11,5,10,8,5,4,5,7,5
"An Rinn, Waterford Division",5,8,9,12,7,11,8,6,4,3,5,3,6,3,2
"Ardmore, Waterford Division",6,15,20,20,10,11,17,11,11,11,12,15,7,8,9
"Ballymacarberry, Waterford Division",2,7,3,10,13,15,16,11,20,22,30,2,9,15,6
"Cappoquin, Waterford Division",18,12,17,13,10,18,18,21,23,18,14,18,21,20,15
"Dungarvan, Waterford Division",234,253,207,249,272,228,199,217,196,164,202,185,216,201,181
"Lismore, Waterford Division",26,22,18,14,23,14,10,15,13,18,17,19,15,11,14
"Tallow, Waterford Division",10,7,10,4,12,14,12,8,11,9,8,8,8,5,11
"Kill, Co Waterford, Waterford Division",14,11,13,12,9,34,23,23,24,6,11,10,10,9,6
"Kilmacthomas, Waterford Division",8,16,17,24,25,21,20,22,21,25,32,19,18,22,23
"Kilmeaden, Waterford Division",12,11,18,18,24,26,13,24,14,25,13,19,13,16,10
"Leamybrien, Waterford Division",15,23,20,18,17,31,21,15,17,43,22,14,19,11,17
"Portlaw, Waterford Division",10,8,9,8,13,11,17,25,20,31,22,10,25,9,17
"Rathgormack, Co Waterford, Waterford Division",1,5,6,6,8,8,7,17,14,12,15,12,12,6,5
"Tramore, Waterford Division",155,141,137,113,128,138,132,138,149,127,110,104,107,91,112
"Dunmore East, Waterford Division",17,8,25,30,26,30,36,43,28,24,30,17,48,20,16
"Ferrybank, Waterford Division",34,37,34,35,79,74,78,56,64,79,54,73,61,45,37
"Passage East, Waterford Division",5,7,10,11,12,33,20,33,14,17,11,13,13,3,10
"Waterford, Waterford Division",1326,1253,1244,1479,1405,1581,1448,1397,1297,1461,1326,1326,1240,1104,1184
"Donnybrook, D.M.R. South Central Division",908,863,717,656,712,603,676,708,696,773,753,809,758,660,586
"Irishtown, D.M.R. South Central Division",592,600,567,530,443,474,496,561,713,761,659,565,578,603,686
"Pearse Street, D.M.R. South Central Division",5303,4443,4184,3779,3994,3936,3623,3695,4574,5747,6508,5961,5626,4820,5377
"Kevin Street, D.M.R. South Central Division",1224,965,849,959,1015,945,876,1015,977,1090,1276,1148,1039,1114,1309
"Kilmainham, D.M.R. South Central Division",755,866,759,767,673,799,763,795,938,780,787,909,730,656,699
"Bridewell Dublin, D.M.R. North Central Division",997,1112,965,947,983,919,754,727,707,729,788,891,758,596,778
"Fitzgibbon Street, D.M.R. North Central Division",1037,976,860,796,723,839,760,880,1028,867,850,864,935,883,751
"Mountjoy, D.M.R. North Central Division",1067,1005,818,767,694,691,729,849,906,908,996,891,854,865,891
"Store Street, D.M.R. North Central Division",5274,4573,4397,3992,4363,4745,4210,4947,4642,4425,4993,5004,5998,5480,5284
"Balbriggan, D.M.R. Northern Division",132,147,266,232,278,369,373,508,506,469,495,542,445,302,416
"Garristown, D.M.R. Northern Division",18,30,16,25,23,33,41,52,45,31,32,32,27,20,16
"Lusk, D.M.R. Northern Division",110,95,139,139,164,188,202,224,353,387,319,410,355,288,404
"Skerries, D.M.R. Northern Division",76,80,82,86,119,85,122,133,145,97,121,108,119,118,58
"Ballymun, D.M.R. Northern Division",336,429,461,526,650,572,622,545,513,591,699,647,555,560,620
"Dublin Airport, D.M.R. Northern Division",283,259,236,190,181,190,170,154,140,161,169,148,166,177,237
"Santry, D.M.R. Northern Division",892,966,790,679,935,900,932,941,994,1004,1053,960,1041,865,1051
"Coolock, D.M.R. Northern Division",983,904,823,893,848,883,856,927,928,902,1048,844,860,729,910
"Malahide, D.M.R. Northern Division",440,425,439,468,435,403,470,359,507,403,431,318,347,247,315
"Swords, D.M.R. Northern Division",760,803,730,695,814,821,1034,956,970,881,902,912,1018,727,882
"Clontarf, D.M.R. Northern Division",766,822,702,677,672,655,582,728,847,764,758,669,642,591,660
"Howth, D.M.R. Northern Division",351,336,312,331,279,268,309,332,350,338,371,274,305,237,280
"Raheny, D.M.R. Northern Division",389,395,280,286,315,298,452,372,339,334,334,317,304,235,264
"Crumlin, D.M.R. Southern Division",537,627,603,561,436,402,373,441,493,489,469,484,453,451,446
"Sundrive Road, D.M.R. Southern Division",597,618,656,479,466,405,392,444,338,379,363,381,387,385,296
"Rathfarnham, D.M.R. Southern Division",883,1107,1010,747,717,756,725,807,780,735,811,874,1103,729,728
"Tallaght, D.M.R. Southern Division",1803,2500,2281,2276,2207,2120,1968,1624,1337,1213,1329,1633,1604,1599,1593
"Rathmines, D.M.R. Southern Division",828,844,698,746,721,522,698,703,768,742,754,768,748,652,639
"Terenure, D.M.R. Southern Division",479,471,570,448,375,363,395,390,415,510,492,513,530,437,443
"Blackrock, Co Dublin, D.M.R. Eastern Division",633,641,560,546,466,395,428,549,593,653,580,619,690,516,527
"Dundrum, D.M.R. Eastern Division",745,833,951,1024,1122,1002,1217,1174,1304,1425,1392,1384,1497,1505,1513
"Cabinteely, D.M.R. Eastern Division",407,391,344,374,342,357,350,313,390,433,389,513,512,355,388
"Dun Laoghaire, D.M.R. Eastern Division",1071,867,766,788,666,759,900,971,968,848,808,816,753,683,790
"Shankill, D.M.R. Eastern Division",264,335,422,425,318,336,332,326,296,276,289,355,400,257,321
"Blanchardstown, D.M.R. Western Division",1656,2048,2127,1981,2016,2363,2646,2656,2223,2434,2282,2344,1867,1657,1940
"Cabra, D.M.R. Western Division",458,489,341,327,494,487,562,563,475,631,596,570,499,401,534
"Finglas, D.M.R. Western Division",706,823,845,907,1079,1242,1022,1053,900,907,990,987,933,825,904
"Ballyfermot, D.M.R. Western Division",663,538,575,566,542,507,466,500,608,602,586,706,562,498,501
"Clondalkin, D.M.R. Western Division",846,897,807,879,931,899,1045,943,955,1036,1050,1122,958,850,796
"Rathcoole, D.M.R. Western Division",236,296,300,249,244,232,269,231,261,298,298,361,280,280,322
"Lucan, D.M.R. Western Division",798,698,676,568,511,640,578,573,752,781,819,654,636,555,613
"Ronanstown, D.M.R. Western Division",938,914,922,978,1043,1035,932,955,1014,837,842,889,772,788,974
